Filename,Distance
image_0001,0.0
image_0928,178.12428
image_0876,188.54842
image_0773,190.08066
image_0142,190.20916
image_1316,190.22227
